id,t,x,y,z
0,80.0,0.0,0.0,0.0
1,80.01,0.0,0.0,0.0
2,80.02,0.0,0.0,0.0
3,80.03,0.0,0.0,0.0
4,80.04,0.0,0.0,0.0
5,80.05,0.0,0.0,0.0
6,80.06,0.0,0.0,0.0
7,80.07000000000001,0.0,0.0,0.0
8,80.08,0.0,0.0,0.0
9,80.09,0.0,0.0,0.0
10,80.10000000000001,0.0,0.0,0.0
11,80.11,0.0,0.0,0.0
12,80.12,0.0,0.0,0.0
13,80.13,0.0,0.0,0.0
14,80.14,0.0,0.0,0.0
15,80.15,0.0,0.0,0.0
16,80.16,0.0,0.0,0.0
17,80.17,0.0,0.0,0.0
18,80.18,0.0,0.0,0.0
19,80.19,0.0,0.0,0.0
20,80.2,0.0,0.0,0.0
21,80.21000000000001,0.0,0.0,0.0
22,80.22,0.0,0.0,0.0
23,80.23,0.0,0.0,0.0
24,80.24,0.0,0.0,0.0
25,80.25,0.0,0.0,0.0
26,80.26,0.0,0.0,0.0
27,80.27,0.0,0.0,0.0
28,80.28,0.0,0.0,0.0
29,80.29,0.0,0.0,0.0
30,80.3,0.0,0.0,0.0
31,80.31,0.0,0.0,0.0
32,80.32000000000001,0.0,0.0,0.0
33,80.33,0.0,0.0,0.0
34,80.34,0.0,0.0,0.0
35,80.35000000000001,0.0,0.0,0.0
36,80.36,0.0,0.0,0.0
37,80.37,0.0,0.0,0.0
38,80.38,0.0,0.0,0.0
39,80.39,0.0,0.0,0.0
40,80.4,0.0,0.0,0.0
41,80.41,0.0,0.0,0.0
42,80.42,0.0,0.0,0.0
43,80.43,0.0,0.0,0.0
44,80.44,0.0,0.0,0.0
45,80.45,0.0,0.0,0.0
46,80.46000000000001,0.0,0.0,0.0
47,80.47,0.0,0.0,0.0
48,80.48,0.0,0.0,0.0
49,80.49,0.0,0.0,0.0
50,80.5,0.0,0.0,0.0
51,80.51,0.0,0.0,0.0
52,80.52,0.0,0.0,0.0
53,80.53,0.0,0.0,0.0
54,80.54,0.0,0.0,0.0
55,80.55,0.0,0.0,0.0
56,80.56,0.0,0.0,0.0
57,80.57000000000001,0.0,0.0,0.0
58,80.58,0.0,0.0,0.0
59,80.59,0.0,0.0,0.0
60,80.60000000000001,0.0,0.0,0.0
61,80.61,0.0,0.0,0.0
62,80.62,0.0,0.0,0.0
63,80.63,0.0,0.0,0.0
64,80.64,0.0,0.0,0.0
65,80.65,0.0,0.0,0.0
66,80.66,0.0,0.0,0.0
67,80.67,0.0,0.0,0.0
68,80.68,0.0,0.0,0.0
69,80.69,0.0,0.0,0.0
70,80.7,0.0,0.0,0.0
71,80.71000000000001,0.0,0.0,0.0
72,80.72,0.0,0.0,0.0
73,80.73,0.0,0.0,0.0
74,80.74,0.0,0.0,0.0
75,80.75,0.0,0.0,0.0
76,80.76,0.0,0.0,0.0
77,80.77,0.0,0.0,0.0
78,80.78,0.0,0.0,0.0
79,80.79,0.0,0.0,0.0
80,80.8,0.0,0.0,0.0
81,80.81,0.0,0.0,0.0
82,80.82000000000001,0.0,0.0,0.0
83,80.83,0.0,0.0,0.0
84,80.84,0.0,0.0,0.0
85,80.85000000000001,0.0,0.0,0.0
86,80.86,0.0,0.0,0.0
87,80.87,0.0,0.0,0.0
88,80.88,0.0,0.0,0.0
89,80.89,0.0,0.0,0.0
90,80.9,0.0,0.0,0.0
91,80.91,0.0,0.0,0.0
92,80.92,0.0,0.0,0.0
93,80.93,0.0,0.0,0.0
94,80.94,0.0,0.0,0.0
95,80.95,0.0,0.0,0.0
96,80.96000000000001,0.0,0.0,0.0
97,80.97,0.0,0.0,0.0
98,80.98,0.0,0.0,0.0
99,80.99,0.0,0.0,0.0
100,81.0,0.0,0.0,0.0
101,81.01,0.0,0.0,0.0
102,81.02,0.0,0.0,0.0
103,81.03,0.0,0.0,0.0
104,81.04,0.0,0.0,0.0
105,81.05,0.0,0.0,0.0
106,81.06,0.0,0.0,0.0
107,81.07000000000001,0.0,0.0,0.0
108,81.08,0.0,0.0,0.0
109,81.09,0.0,0.0,0.0
110,81.10000000000001,0.0,0.0,0.0
111,81.11,0.0,0.0,0.0
112,81.12,0.0,0.0,0.0
113,81.13,0.0,0.0,0.0
114,81.14,0.0,0.0,0.0
115,81.15,0.0,0.0,0.0
116,81.16,0.0,0.0,0.0
117,81.17,0.0,0.0,0.0
118,81.18,0.0,0.0,0.0
119,81.19,0.0,0.0,0.0
120,81.2,0.0,0.0,0.0
121,81.21000000000001,0.0,0.0,0.0
122,81.22,0.0,0.0,0.0
123,81.23,0.0,0.0,0.0
124,81.24,0.0,0.0,0.0
125,81.25,0.0,0.0,0.0
126,81.26,0.0,0.0,0.0
127,81.27,0.0,0.0,0.0
128,81.28,0.0,0.0,0.0
129,81.29,0.0,0.0,0.0
130,81.3,0.0,0.0,0.0
131,81.31,0.0,0.0,0.0
132,81.32000000000001,0.0,0.0,0.0
133,81.33,0.0,0.0,0.0
134,81.34,0.0,0.0,0.0
135,81.35000000000001,0.0,0.0,0.0
136,81.36,0.0,0.0,0.0
137,81.37,0.0,0.0,0.0
138,81.38,0.0,0.0,0.0
139,81.39,0.0,0.0,0.0
140,81.4,0.0,0.0,0.0
141,81.41,0.0,0.0,0.0
142,81.42,0.0,0.0,0.0
143,81.43,0.0,0.0,0.0
144,81.44,0.0,0.0,0.0
145,81.45,0.0,0.0,0.0
146,81.46000000000001,0.0,0.0,0.0
147,81.47,0.0,0.0,0.0
148,81.48,0.0,0.0,0.0
149,81.49,0.0,0.0,0.0
150,81.5,0.0,0.0,0.0
151,81.51,0.0,0.0,0.0
152,81.52,0.0,0.0,0.0
153,81.53,0.0,0.0,0.0
154,81.54,0.0,0.0,0.0
155,81.55,0.0,0.0,0.0
156,81.56,0.0,0.0,0.0
157,81.57000000000001,0.0,0.0,0.0
158,81.58,0.0,0.0,0.0
159,81.59,0.0,0.0,0.0
160,81.60000000000001,0.0,0.0,0.0
161,81.61,0.0,0.0,0.0
162,81.62,0.0,0.0,0.0
163,81.63,0.0,0.0,0.0
164,81.64,0.0,0.0,0.0
165,81.65,0.0,0.0,0.0
166,81.66,0.0,0.0,0.0
167,81.67,0.0,0.0,0.0
168,81.68,0.0,0.0,0.0
169,81.69,0.0,0.0,0.0
170,81.7,0.0,0.0,0.0
171,81.71000000000001,0.0,0.0,0.0
172,81.72,0.0,0.0,0.0
173,81.73,0.0,0.0,0.0
174,81.74,0.0,0.0,0.0
175,81.75,0.0,0.0,0.0
176,81.76,0.0,0.0,0.0
177,81.77,0.0,0.0,0.0
178,81.78,0.0,0.0,0.0
179,81.79,0.0,0.0,0.0
180,81.8,0.0,0.0,0.0
181,81.81,0.0,0.0,0.0
182,81.82000000000001,0.0,0.0,0.0
183,81.83,0.0,0.0,0.0
184,81.84,0.0,0.0,0.0
185,81.85000000000001,0.0,0.0,0.0
186,81.86,0.0,0.0,0.0
187,81.87,0.0,0.0,0.0
188,81.88,0.0,0.0,0.0
189,81.89,0.0,0.0,0.0
190,81.9,0.0,0.0,0.0
191,81.91,0.0,0.0,0.0
192,81.92,0.0,0.0,0.0
193,81.93,0.0,0.0,0.0
194,81.94,0.0,0.0,0.0
195,81.95,0.0,0.0,0.0
196,81.96000000000001,0.0,0.0,0.0
197,81.97,0.0,0.0,0.0
198,81.98,0.0,0.0,0.0
199,81.99,0.0,0.0,0.0
200,82.0,0.0,0.0,0.0
201,82.01,0.0,0.0,0.0
202,82.02,0.0,0.0,0.0
203,82.03,0.0,0.0,0.0
204,82.04,0.0,0.0,0.0
205,82.05,0.0,0.0,0.0
206,82.06,0.0,0.0,0.0
207,82.07000000000001,0.0,0.0,0.0
208,82.08,0.0,0.0,0.0
209,82.09,0.0,0.0,0.0
210,82.10000000000001,0.0,0.0,0.0
211,82.11,0.0,0.0,0.0
212,82.12,0.0,0.0,0.0
213,82.13,0.0,0.0,0.0
214,82.14,0.0,0.0,0.0
215,82.15,0.0,0.0,0.0
216,82.16,0.0,0.0,0.0
217,82.17,0.0,0.0,0.0
218,82.18,0.0,0.0,0.0
219,82.19,0.0,0.0,0.0
220,82.2,0.0,0.0,0.0
221,82.21000000000001,0.0,0.0,0.0
222,82.22,0.0,0.0,0.0
223,82.23,0.0,0.0,0.0
224,82.24,0.0,0.0,0.0
225,82.25,0.0,0.0,0.0
226,82.26,0.0,0.0,0.0
227,82.27,0.0,0.0,0.0
228,82.28,0.0,0.0,0.0
229,82.29,0.0,0.0,0.0
230,82.3,0.0,0.0,0.0
231,82.31,0.0,0.0,0.0
232,82.32000000000001,0.0,0.0,0.0
233,82.33,0.0,0.0,0.0
234,82.34,0.0,0.0,0.0
235,82.35000000000001,0.0,0.0,0.0
236,82.36,0.0,0.0,0.0
237,82.37,0.0,0.0,0.0
238,82.38,0.0,0.0,0.0
239,82.39,0.0,0.0,0.0
240,82.4,0.0,0.0,0.0
241,82.41,0.0,0.0,0.0
242,82.42,0.0,0.0,0.0
243,82.43,0.0,0.0,0.0
244,82.44,0.0,0.0,0.0
245,82.45,0.0,0.0,0.0
246,82.46000000000001,0.0,0.0,0.0
247,82.47,0.0,0.0,0.0
248,82.48,0.0,0.0,0.0
249,82.49,0.0,0.0,0.0
250,82.5,0.0,0.0,0.0
251,82.51,0.0,0.0,0.0
252,82.52,0.0,0.0,0.0
253,82.53,0.0,0.0,0.0
254,82.54,0.0,0.0,0.0
255,82.55,0.0,0.0,0.0
256,82.56,0.0,0.0,0.0
257,82.57000000000001,0.0,0.0,0.0
258,82.58,0.0,0.0,0.0
259,82.59,0.0,0.0,0.0
260,82.60000000000001,0.0,0.0,0.0
261,82.61,0.0,0.0,0.0
262,82.62,0.0,0.0,0.0
263,82.63,0.0,0.0,0.0
264,82.64,0.0,0.0,0.0
265,82.65,0.0,0.0,0.0
266,82.66,0.0,0.0,0.0
267,82.67,0.0,0.0,0.0
268,82.68,0.0,0.0,0.0
269,82.69,0.0,0.0,0.0
270,82.7,0.0,0.0,0.0
271,82.71000000000001,0.0,0.0,0.0
272,82.72,0.0,0.0,0.0
273,82.73,0.0,0.0,0.0
274,82.74,0.0,0.0,0.0
275,82.75,0.0,0.0,0.0
276,82.76,0.0,0.0,0.0
277,82.77,0.0,0.0,0.0
278,82.78,0.0,0.0,0.0
279,82.79,0.0,0.0,0.0
280,82.8,0.0,0.0,0.0
281,82.81,0.0,0.0,0.0
282,82.82000000000001,0.0,0.0,0.0
283,82.83,0.0,0.0,0.0
284,82.84,0.0,0.0,0.0
285,82.85000000000001,0.0,0.0,0.0
286,82.86,0.0,0.0,0.0
287,82.87,0.0,0.0,0.0
288,82.88,0.0,0.0,0.0
289,82.89,0.0,0.0,0.0
290,82.9,0.0,0.0,0.0
291,82.91,0.0,0.0,0.0
292,82.92,0.0,0.0,0.0
293,82.93,0.0,0.0,0.0
294,82.94,0.0,0.0,0.0
295,82.95,0.0,0.0,0.0
296,82.96000000000001,0.0,0.0,0.0
297,82.97,0.0,0.0,0.0
298,82.98,0.0,0.0,0.0
299,82.99,0.0,0.0,0.0
300,83.0,0.0,0.0,0.0
301,83.01,0.0,0.0,0.0
302,83.02,0.0,0.0,0.0
303,83.03,0.0,0.0,0.0
304,83.04,0.0,0.0,0.0
305,83.05,0.0,0.0,0.0
306,83.06,0.0,0.0,0.0
307,83.07000000000001,0.0,0.0,0.0
308,83.08,0.0,0.0,0.0
309,83.09,0.0,0.0,0.0
310,83.10000000000001,0.0,0.0,0.0
311,83.11,0.0,0.0,0.0
312,83.12,0.0,0.0,0.0
313,83.13,0.0,0.0,0.0
314,83.14,0.0,0.0,0.0
315,83.15,0.0,0.0,0.0
316,83.16,0.0,0.0,0.0
317,83.17,0.0,0.0,0.0
318,83.18,0.0,0.0,0.0
319,83.19,0.0,0.0,0.0
320,83.2,0.0,0.0,0.0
321,83.21000000000001,0.0,0.0,0.0
322,83.22,0.0,0.0,0.0
323,83.23,0.0,0.0,0.0
324,83.24,0.0,0.0,0.0
325,83.25,0.0,0.0,0.0
326,83.26,0.0,0.0,0.0
327,83.27,0.0,0.0,0.0
328,83.28,0.0,0.0,0.0
329,83.29,0.0,0.0,0.0
330,83.3,0.0,0.0,0.0
331,83.31,0.0,0.0,0.0
332,83.32000000000001,0.0,0.0,0.0
333,83.33,0.0,0.0,0.0
334,83.34,0.0,0.0,0.0
335,83.35000000000001,0.0,0.0,0.0
336,83.36,0.0,0.0,0.0
337,83.37,0.0,0.0,0.0
338,83.38,0.0,0.0,0.0
339,83.39,0.0,0.0,0.0
340,83.4,0.0,0.0,0.0
341,83.41,0.0,0.0,0.0
342,83.42,0.0,0.0,0.0
343,83.43,0.0,0.0,0.0
344,83.44,0.0,0.0,0.0
345,83.45,0.0,0.0,0.0
346,83.46000000000001,0.0,0.0,0.0
347,83.47,0.0,0.0,0.0
348,83.48,0.0,0.0,0.0
349,83.49,0.0,0.0,0.0
350,83.5,0.0,0.0,0.0
351,83.51,0.0,0.0,0.0
352,83.52,0.0,0.0,0.0
353,83.53,0.0,0.0,0.0
354,83.54,0.0,0.0,0.0
355,83.55,0.0,0.0,0.0
356,83.56,0.0,0.0,0.0
357,83.57000000000001,0.0,0.0,0.0
358,83.58,0.0,0.0,0.0
359,83.59,0.0,0.0,0.0
360,83.60000000000001,0.0,0.0,0.0
361,83.61,0.0,0.0,0.0
362,83.62,0.0,0.0,0.0
363,83.63,0.0,0.0,0.0
364,83.64,0.0,0.0,0.0
365,83.65,0.0,0.0,0.0
366,83.66,0.0,0.0,0.0
367,83.67,0.0,0.0,0.0
368,83.68,0.0,0.0,0.0
369,83.69,0.0,0.0,0.0
370,83.7,0.0,0.0,0.0
371,83.71000000000001,0.0,0.0,0.0
372,83.72,0.0,0.0,0.0
373,83.73,0.0,0.0,0.0
374,83.74,0.0,0.0,0.0
375,83.75,0.0,0.0,0.0
376,83.76,0.0,0.0,0.0
377,83.77,0.0,0.0,0.0
378,83.78,0.0,0.0,0.0
379,83.79,0.0,0.0,0.0
380,83.8,0.0,0.0,0.0
381,83.81,0.0,0.0,0.0
382,83.82000000000001,0.0,0.0,0.0
383,83.83,0.0,0.0,0.0
384,83.84,0.0,0.0,0.0
385,83.85000000000001,0.0,0.0,0.0
386,83.86,0.0,0.0,0.0
387,83.87,0.0,0.0,0.0
388,83.88,0.0,0.0,0.0
389,83.89,0.0,0.0,0.0
390,83.9,0.0,0.0,0.0
391,83.91,0.0,0.0,0.0
392,83.92,0.0,0.0,0.0
393,83.93,0.0,0.0,0.0
394,83.94,0.0,0.0,0.0
395,83.95,0.0,0.0,0.0
396,83.96000000000001,0.0,0.0,0.0
397,83.97,0.0,0.0,0.0
398,83.98,0.0,0.0,0.0
399,83.99,0.0,0.0,0.0
400,84.0,0.0,0.0,0.0
401,84.01,0.0,0.0,0.0
402,84.02,0.0,0.0,0.0
403,84.03,0.0,0.0,0.0
404,84.04,0.0,0.0,0.0
405,84.05,0.0,0.0,0.0
406,84.06,0.0,0.0,0.0
407,84.07000000000001,0.0,0.0,0.0
408,84.08,0.0,0.0,0.0
409,84.09,0.0,0.0,0.0
410,84.10000000000001,0.0,0.0,0.0
411,84.11,0.0,0.0,0.0
412,84.12,0.0,0.0,0.0
413,84.13,0.0,0.0,0.0
414,84.14,0.0,0.0,0.0
415,84.15,0.0,0.0,0.0
416,84.16,0.0,0.0,0.0
417,84.17,0.0,0.0,0.0
418,84.18,0.0,0.0,0.0
419,84.19,0.0,0.0,0.0
420,84.2,0.0,0.0,0.0
421,84.21000000000001,0.0,0.0,0.0
422,84.22,0.0,0.0,0.0
423,84.23,0.0,0.0,0.0
424,84.24,0.0,0.0,0.0
425,84.25,0.0,0.0,0.0
426,84.26,0.0,0.0,0.0
427,84.27,0.0,0.0,0.0
428,84.28,0.0,0.0,0.0
429,84.29,0.0,0.0,0.0
430,84.3,0.0,0.0,0.0
431,84.31,0.0,0.0,0.0
432,84.32000000000001,0.0,0.0,0.0
433,84.33,0.0,0.0,0.0
434,84.34,0.0,0.0,0.0
435,84.35000000000001,0.0,0.0,0.0
436,84.36,0.0,0.0,0.0
437,84.37,0.0,0.0,0.0
438,84.38,0.0,0.0,0.0
439,84.39,0.0,0.0,0.0
440,84.4,0.0,0.0,0.0
441,84.41,0.0,0.0,0.0
442,84.42,0.0,0.0,0.0
443,84.43,0.0,0.0,0.0
444,84.44,0.0,0.0,0.0
445,84.45,0.0,0.0,0.0
446,84.46000000000001,0.0,0.0,0.0
447,84.47,0.0,0.0,0.0
448,84.48,0.0,0.0,0.0
449,84.49,0.0,0.0,0.0
450,84.5,0.0,0.0,0.0
451,84.51,0.0,0.0,0.0
452,84.52,0.0,0.0,0.0
453,84.53,0.0,0.0,0.0
454,84.54,0.0,0.0,0.0
455,84.55,0.0,0.0,0.0
456,84.56,0.0,0.0,0.0
457,84.57000000000001,0.0,0.0,0.0
458,84.58,0.0,0.0,0.0
459,84.59,0.0,0.0,0.0
460,84.60000000000001,0.0,0.0,0.0
461,84.61,0.0,0.0,0.0
462,84.62,0.0,0.0,0.0
463,84.63,0.0,0.0,0.0
464,84.64,0.0,0.0,0.0
465,84.65,0.0,0.0,0.0
466,84.66,0.0,0.0,0.0
467,84.67,0.0,0.0,0.0
468,84.68,0.0,0.0,0.0
469,84.69,0.0,0.0,0.0
470,84.7,0.0,0.0,0.0
471,84.71000000000001,0.0,0.0,0.0
472,84.72,0.0,0.0,0.0
473,84.73,0.0,0.0,0.0
474,84.74,0.0,0.0,0.0
475,84.75,0.0,0.0,0.0
476,84.76,0.0,0.0,0.0
477,84.77,0.0,0.0,0.0
478,84.78,0.0,0.0,0.0
479,84.79,0.0,0.0,0.0
480,84.8,0.0,0.0,0.0
481,84.81,0.0,0.0,0.0
482,84.82000000000001,0.0,0.0,0.0
483,84.83,0.0,0.0,0.0
484,84.84,0.0,0.0,0.0
485,84.85000000000001,0.0,0.0,0.0
486,84.86,0.0,0.0,0.0
487,84.87,0.0,0.0,0.0
488,84.88,0.0,0.0,0.0
489,84.89,0.0,0.0,0.0
490,84.9,0.0,0.0,0.0
491,84.91,0.0,0.0,0.0
492,84.92,0.0,0.0,0.0
493,84.93,0.0,0.0,0.0
494,84.94,0.0,0.0,0.0
495,84.95,0.0,0.0,0.0
496,84.96000000000001,0.0,0.0,0.0
497,84.97,0.0,0.0,0.0
498,84.98,0.0,0.0,0.0
499,84.99,0.0,0.0,0.0
500,85.0,0.0,0.0,0.0
501,85.01,0.0,0.0,0.0
502,85.02,0.0,0.0,0.0
503,85.03,0.0,0.0,0.0
504,85.04,0.0,0.0,0.0
505,85.05,0.0,0.0,0.0
506,85.06,0.0,0.0,0.0
507,85.07000000000001,0.0,0.0,0.0
508,85.08,0.0,0.0,0.0
509,85.09,0.0,0.0,0.0
510,85.10000000000001,0.0,0.0,0.0
511,85.11,0.0,0.0,0.0
512,85.12,0.0,0.0,0.0
513,85.13,0.0,0.0,0.0
514,85.14,0.0,0.0,0.0
515,85.15,0.0,0.0,0.0
516,85.16,0.0,0.0,0.0
517,85.17,0.0,0.0,0.0
518,85.18,0.0,0.0,0.0
519,85.19,0.0,0.0,0.0
520,85.2,0.0,0.0,0.0
521,85.21000000000001,0.0,0.0,0.0
522,85.22,0.0,0.0,0.0
523,85.23,0.0,0.0,0.0
524,85.24,0.0,0.0,0.0
525,85.25,0.0,0.0,0.0
526,85.26,0.0,0.0,0.0
527,85.27,0.0,0.0,0.0
528,85.28,0.0,0.0,0.0
529,85.29,0.0,0.0,0.0
530,85.3,0.0,0.0,0.0
531,85.31,0.0,0.0,0.0
532,85.32000000000001,0.0,0.0,0.0
533,85.33,0.0,0.0,0.0
534,85.34,0.0,0.0,0.0
535,85.35000000000001,0.0,0.0,0.0
536,85.36,0.0,0.0,0.0
537,85.37,0.0,0.0,0.0
538,85.38,0.0,0.0,0.0
539,85.39,0.0,0.0,0.0
540,85.4,0.0,0.0,0.0
541,85.41,0.0,0.0,0.0
542,85.42,0.0,0.0,0.0
543,85.43,0.0,0.0,0.0
544,85.44,0.0,0.0,0.0
545,85.45,0.0,0.0,0.0
546,85.46000000000001,0.0,0.0,0.0
547,85.47,0.0,0.0,0.0
548,85.48,0.0,0.0,0.0
549,85.49,0.0,0.0,0.0
550,85.5,0.0,0.0,0.0
551,85.51,0.0,0.0,0.0
552,85.52,0.0,0.0,0.0
553,85.53,0.0,0.0,0.0
554,85.54,0.0,0.0,0.0
555,85.55,0.0,0.0,0.0
556,85.56,0.0,0.0,0.0
557,85.57000000000001,0.0,0.0,0.0
558,85.58,0.0,0.0,0.0
559,85.59,0.0,0.0,0.0
560,85.60000000000001,0.0,0.0,0.0
561,85.61,0.0,0.0,0.0
562,85.62,0.0,0.0,0.0
563,85.63,0.0,0.0,0.0
564,85.64,0.0,0.0,0.0
565,85.65,0.0,0.0,0.0
566,85.66,0.0,0.0,0.0
567,85.67,0.0,0.0,0.0
568,85.68,0.0,0.0,0.0
569,85.69,0.0,0.0,0.0
570,85.7,0.0,0.0,0.0
571,85.71000000000001,0.0,0.0,0.0
572,85.72,0.0,0.0,0.0
573,85.73,0.0,0.0,0.0
574,85.74,0.0,0.0,0.0
575,85.75,0.0,0.0,0.0
576,85.76,0.0,0.0,0.0
577,85.77,0.0,0.0,0.0
578,85.78,0.0,0.0,0.0
579,85.79,0.0,0.0,0.0
580,85.8,0.0,0.0,0.0
581,85.81,0.0,0.0,0.0
582,85.82000000000001,0.0,0.0,0.0
583,85.83,0.0,0.0,0.0
584,85.84,0.0,0.0,0.0
585,85.85000000000001,0.0,0.0,0.0
586,85.86,0.0,0.0,0.0
587,85.87,0.0,0.0,0.0
588,85.88,0.0,0.0,0.0
589,85.89,0.0,0.0,0.0
590,85.9,0.0,0.0,0.0
591,85.91,0.0,0.0,0.0
592,85.92,0.0,0.0,0.0
593,85.93,0.0,0.0,0.0
594,85.94,0.0,0.0,0.0
595,85.95,0.0,0.0,0.0
596,85.96000000000001,0.0,0.0,0.0
597,85.97,0.0,0.0,0.0
598,85.98,0.0,0.0,0.0
599,85.99,0.0,0.0,0.0
600,86.0,0.0,0.0,0.0
601,86.01,0.0,0.0,0.0
602,86.02,0.0,0.0,0.0
603,86.03,0.0,0.0,0.0
604,86.04,0.0,0.0,0.0
605,86.05,0.0,0.0,0.0
606,86.06,0.0,0.0,0.0
607,86.07000000000001,0.0,0.0,0.0
608,86.08,0.0,0.0,0.0
609,86.09,0.0,0.0,0.0
610,86.10000000000001,0.0,0.0,0.0
611,86.11,0.0,0.0,0.0
612,86.12,0.0,0.0,0.0
613,86.13,0.0,0.0,0.0
614,86.14,0.0,0.0,0.0
615,86.15,0.0,0.0,0.0
616,86.16,0.0,0.0,0.0
617,86.17,0.0,0.0,0.0
618,86.18,0.0,0.0,0.0
619,86.19,0.0,0.0,0.0
620,86.2,0.0,0.0,0.0
621,86.21000000000001,0.0,0.0,0.0
622,86.22,0.0,0.0,0.0
623,86.23,0.0,0.0,0.0
624,86.24,0.0,0.0,0.0
625,86.25,0.0,0.0,0.0
626,86.26,0.0,0.0,0.0
627,86.27,0.0,0.0,0.0
628,86.28,0.0,0.0,0.0
629,86.29,0.0,0.0,0.0
630,86.3,0.0,0.0,0.0
631,86.31,0.0,0.0,0.0
632,86.32000000000001,0.0,0.0,0.0
633,86.33,0.0,0.0,0.0
634,86.34,0.0,0.0,0.0
635,86.35000000000001,0.0,0.0,0.0
636,86.36,0.0,0.0,0.0
637,86.37,0.0,0.0,0.0
638,86.38,0.0,0.0,0.0
639,86.39,0.0,0.0,0.0
640,86.4,0.0,0.0,0.0
641,86.41,0.0,0.0,0.0
642,86.42,0.0,0.0,0.0
643,86.43,0.0,0.0,0.0
644,86.44,0.0,0.0,0.0
645,86.45,0.0,0.0,0.0
646,86.46000000000001,0.0,0.0,0.0
647,86.47,0.0,0.0,0.0
648,86.48,0.0,0.0,0.0
649,86.49,0.0,0.0,0.0
650,86.5,0.0,0.0,0.0
651,86.51,0.0,0.0,0.0
652,86.52,0.0,0.0,0.0
653,86.53,0.0,0.0,0.0
654,86.54,0.0,0.0,0.0
655,86.55,0.0,0.0,0.0
656,86.56,0.0,0.0,0.0
657,86.57000000000001,0.0,0.0,0.0
658,86.58,0.0,0.0,0.0
659,86.59,0.0,0.0,0.0
660,86.60000000000001,0.0,0.0,0.0
661,86.61,0.0,0.0,0.0
662,86.62,0.0,0.0,0.0
663,86.63,0.0,0.0,0.0
664,86.64,0.0,0.0,0.0
665,86.65,0.0,0.0,0.0
666,86.66,0.0,0.0,0.0
667,86.67,0.0,0.0,0.0
668,86.68,0.0,0.0,0.0
669,86.69,0.0,0.0,0.0
670,86.7,0.0,0.0,0.0
671,86.71000000000001,0.0,0.0,0.0
672,86.72,0.0,0.0,0.0
673,86.73,0.0,0.0,0.0
674,86.74,0.0,0.0,0.0
675,86.75,0.0,0.0,0.0
676,86.76,0.0,0.0,0.0
677,86.77,0.0,0.0,0.0
678,86.78,0.0,0.0,0.0
679,86.79,0.0,0.0,0.0
680,86.8,0.0,0.0,0.0
681,86.81,0.0,0.0,0.0
682,86.82000000000001,0.0,0.0,0.0
683,86.83,0.0,0.0,0.0
684,86.84,0.0,0.0,0.0
685,86.85000000000001,0.0,0.0,0.0
686,86.86,0.0,0.0,0.0
687,86.87,0.0,0.0,0.0
688,86.88,0.0,0.0,0.0
689,86.89,0.0,0.0,0.0
690,86.9,0.0,0.0,0.0
691,86.91,0.0,0.0,0.0
692,86.92,0.0,0.0,0.0
693,86.93,0.0,0.0,0.0
694,86.94,0.0,0.0,0.0
695,86.95,0.0,0.0,0.0
696,86.96000000000001,0.0,0.0,0.0
697,86.97,0.0,0.0,0.0
698,86.98,0.0,0.0,0.0
699,86.99,0.0,0.0,0.0
700,87.0,0.0,0.0,0.0
701,87.01,0.0,0.0,0.0
702,87.02,0.0,0.0,0.0
703,87.03,0.0,0.0,0.0
704,87.04,0.0,0.0,0.0
705,87.05,0.0,0.0,0.0
706,87.06,0.0,0.0,0.0
707,87.07000000000001,0.0,0.0,0.0
708,87.08,0.0,0.0,0.0
709,87.09,0.0,0.0,0.0
710,87.10000000000001,0.0,0.0,0.0
711,87.11,0.0,0.0,0.0
712,87.12,0.0,0.0,0.0
713,87.13,0.0,0.0,0.0
714,87.14,0.0,0.0,0.0
715,87.15,0.0,0.0,0.0
716,87.16,0.0,0.0,0.0
717,87.17,0.0,0.0,0.0
718,87.18,0.0,0.0,0.0
719,87.19,0.0,0.0,0.0
720,87.2,0.0,0.0,0.0
721,87.21000000000001,0.0,0.0,0.0
722,87.22,0.0,0.0,0.0
723,87.23,0.0,0.0,0.0
724,87.24,0.0,0.0,0.0
725,87.25,0.0,0.0,0.0
726,87.26,0.0,0.0,0.0
727,87.27,0.0,0.0,0.0
728,87.28,0.0,0.0,0.0
729,87.29,0.0,0.0,0.0
730,87.3,0.0,0.0,0.0
731,87.31,0.0,0.0,0.0
732,87.32000000000001,0.0,0.0,0.0
733,87.33,0.0,0.0,0.0
734,87.34,0.0,0.0,0.0
735,87.35000000000001,0.0,0.0,0.0
736,87.36,0.0,0.0,0.0
737,87.37,0.0,0.0,0.0
738,87.38,0.0,0.0,0.0
739,87.39,0.0,0.0,0.0
740,87.4,0.0,0.0,0.0
741,87.41,0.0,0.0,0.0
742,87.42,0.0,0.0,0.0
743,87.43,0.0,0.0,0.0
744,87.44,0.0,0.0,0.0
745,87.45,0.0,0.0,0.0
746,87.46000000000001,0.0,0.0,0.0
747,87.47,0.0,0.0,0.0
748,87.48,0.0,0.0,0.0
749,87.49,0.0,0.0,0.0
750,87.5,0.0,0.0,0.0
751,87.51,0.0,0.0,0.0
752,87.52,0.0,0.0,0.0
753,87.53,0.0,0.0,0.0
754,87.54,0.0,0.0,0.0
755,87.55,0.0,0.0,0.0
756,87.56,0.0,0.0,0.0
757,87.57000000000001,0.0,0.0,0.0
758,87.58,0.0,0.0,0.0
759,87.59,0.0,0.0,0.0
760,87.60000000000001,0.0,0.0,0.0
761,87.61,0.0,0.0,0.0
762,87.62,0.0,0.0,0.0
763,87.63,0.0,0.0,0.0
764,87.64,0.0,0.0,0.0
765,87.65,0.0,0.0,0.0
766,87.66,0.0,0.0,0.0
767,87.67,0.0,0.0,0.0
768,87.68,0.0,0.0,0.0
769,87.69,0.0,0.0,0.0
770,87.7,0.0,0.0,0.0
771,87.71000000000001,0.0,0.0,0.0
772,87.72,0.0,0.0,0.0
773,87.73,0.0,0.0,0.0
774,87.74,0.0,0.0,0.0
775,87.75,0.0,0.0,0.0
776,87.76,0.0,0.0,0.0
777,87.77,0.0,0.0,0.0
778,87.78,0.0,0.0,0.0
779,87.79,0.0,0.0,0.0
780,87.8,0.0,0.0,0.0
781,87.81,0.0,0.0,0.0
782,87.82000000000001,0.0,0.0,0.0
783,87.83,0.0,0.0,0.0
784,87.84,0.0,0.0,0.0
785,87.85000000000001,0.0,0.0,0.0
786,87.86,0.0,0.0,0.0
787,87.87,0.0,0.0,0.0
788,87.88,0.0,0.0,0.0
789,87.89,0.0,0.0,0.0
790,87.9,0.0,0.0,0.0
791,87.91,0.0,0.0,0.0
792,87.92,0.0,0.0,0.0
793,87.93,0.0,0.0,0.0
794,87.94,0.0,0.0,0.0
795,87.95,0.0,0.0,0.0
796,87.96000000000001,0.0,0.0,0.0
797,87.97,0.0,0.0,0.0
798,87.98,0.0,0.0,0.0
799,87.99,0.0,0.0,0.0
800,88.0,0.0,0.0,0.0
801,88.01,0.0,0.0,0.0
802,88.02,0.0,0.0,0.0
803,88.03,0.0,0.0,0.0
804,88.04,0.0,0.0,0.0
805,88.05,0.0,0.0,0.0
806,88.06,0.0,0.0,0.0
807,88.07000000000001,0.0,0.0,0.0
808,88.08,0.0,0.0,0.0
809,88.09,0.0,0.0,0.0
810,88.10000000000001,0.0,0.0,0.0
811,88.11,0.0,0.0,0.0
812,88.12,0.0,0.0,0.0
813,88.13,0.0,0.0,0.0
814,88.14,0.0,0.0,0.0
815,88.15,0.0,0.0,0.0
816,88.16,0.0,0.0,0.0
817,88.17,0.0,0.0,0.0
818,88.18,0.0,0.0,0.0
819,88.19,0.0,0.0,0.0
820,88.2,0.0,0.0,0.0
821,88.21000000000001,0.0,0.0,0.0
822,88.22,0.0,0.0,0.0
823,88.23,0.0,0.0,0.0
824,88.24,0.0,0.0,0.0
825,88.25,0.0,0.0,0.0
826,88.26,0.0,0.0,0.0
827,88.27,0.0,0.0,0.0
828,88.28,0.0,0.0,0.0
829,88.29,0.0,0.0,0.0
830,88.3,0.0,0.0,0.0
831,88.31,0.0,0.0,0.0
832,88.32000000000001,0.0,0.0,0.0
833,88.33,0.0,0.0,0.0
834,88.34,0.0,0.0,0.0
835,88.35000000000001,0.0,0.0,0.0
836,88.36,0.0,0.0,0.0
837,88.37,0.0,0.0,0.0
838,88.38,0.0,0.0,0.0
839,88.39,0.0,0.0,0.0
840,88.4,0.0,0.0,0.0
841,88.41,0.0,0.0,0.0
842,88.42,0.0,0.0,0.0
843,88.43,0.0,0.0,0.0
844,88.44,0.0,0.0,0.0
845,88.45,0.0,0.0,0.0
846,88.46000000000001,0.0,0.0,0.0
847,88.47,0.0,0.0,0.0
848,88.48,0.0,0.0,0.0
849,88.49,0.0,0.0,0.0
850,88.5,0.0,0.0,0.0
851,88.51,0.0,0.0,0.0
852,88.52,0.0,0.0,0.0
853,88.53,0.0,0.0,0.0
854,88.54,0.0,0.0,0.0
855,88.55,0.0,0.0,0.0
856,88.56,0.0,0.0,0.0
857,88.57000000000001,0.0,0.0,0.0
858,88.58,0.0,0.0,0.0
859,88.59,0.0,0.0,0.0
860,88.60000000000001,0.0,0.0,0.0
861,88.61,0.0,0.0,0.0
862,88.62,0.0,0.0,0.0
863,88.63,0.0,0.0,0.0
864,88.64,0.0,0.0,0.0
865,88.65,0.0,0.0,0.0
866,88.66,0.0,0.0,0.0
867,88.67,0.0,0.0,0.0
868,88.68,0.0,0.0,0.0
869,88.69,0.0,0.0,0.0
870,88.7,0.0,0.0,0.0
871,88.71000000000001,0.0,0.0,0.0
872,88.72,0.0,0.0,0.0
873,88.73,0.0,0.0,0.0
874,88.74,0.0,0.0,0.0
875,88.75,0.0,0.0,0.0
876,88.76,0.0,0.0,0.0
877,88.77,0.0,0.0,0.0
878,88.78,0.0,0.0,0.0
879,88.79,0.0,0.0,0.0
880,88.8,0.0,0.0,0.0
881,88.81,0.0,0.0,0.0
882,88.82000000000001,0.0,0.0,0.0
883,88.83,0.0,0.0,0.0
884,88.84,0.0,0.0,0.0
885,88.85000000000001,0.0,0.0,0.0
886,88.86,0.0,0.0,0.0
887,88.87,0.0,0.0,0.0
888,88.88,0.0,0.0,0.0
889,88.89,0.0,0.0,0.0
890,88.9,0.0,0.0,0.0
891,88.91,0.0,0.0,0.0
892,88.92,0.0,0.0,0.0
893,88.93,0.0,0.0,0.0
894,88.94,0.0,0.0,0.0
895,88.95,0.0,0.0,0.0
896,88.96000000000001,0.0,0.0,0.0
897,88.97,0.0,0.0,0.0
898,88.98,0.0,0.0,0.0
899,88.99,0.0,0.0,0.0
900,89.0,0.0,0.0,0.0
901,89.01,0.0,0.0,0.0
902,89.02,0.0,0.0,0.0
903,89.03,0.0,0.0,0.0
904,89.04,0.0,0.0,0.0
905,89.05,0.0,0.0,0.0
906,89.06,0.0,0.0,0.0
907,89.07000000000001,0.0,0.0,0.0
908,89.08,0.0,0.0,0.0
909,89.09,0.0,0.0,0.0
910,89.10000000000001,0.0,0.0,0.0
911,89.11,0.0,0.0,0.0
912,89.12,0.0,0.0,0.0
913,89.13,0.0,0.0,0.0
914,89.14,0.0,0.0,0.0
915,89.15,0.0,0.0,0.0
916,89.16,0.0,0.0,0.0
917,89.17,0.0,0.0,0.0
918,89.18,0.0,0.0,0.0
919,89.19,0.0,0.0,0.0
920,89.2,0.0,0.0,0.0
921,89.21000000000001,0.0,0.0,0.0
922,89.22,0.0,0.0,0.0
923,89.23,0.0,0.0,0.0
924,89.24,0.0,0.0,0.0
925,89.25,0.0,0.0,0.0
926,89.26,0.0,0.0,0.0
927,89.27,0.0,0.0,0.0
928,89.28,0.0,0.0,0.0
929,89.29,0.0,0.0,0.0
930,89.3,0.0,0.0,0.0
931,89.31,0.0,0.0,0.0
932,89.32000000000001,0.0,0.0,0.0
933,89.33,0.0,0.0,0.0
934,89.34,0.0,0.0,0.0
935,89.35000000000001,0.0,0.0,0.0
936,89.36,0.0,0.0,0.0
937,89.37,0.0,0.0,0.0
938,89.38,0.0,0.0,0.0
939,89.39,0.0,0.0,0.0
940,89.4,0.0,0.0,0.0
941,89.41,0.0,0.0,0.0
942,89.42,0.0,0.0,0.0
943,89.43,0.0,0.0,0.0
944,89.44,0.0,0.0,0.0
945,89.45,0.0,0.0,0.0
946,89.46000000000001,0.0,0.0,0.0
947,89.47,0.0,0.0,0.0
948,89.48,0.0,0.0,0.0
949,89.49,0.0,0.0,0.0
950,89.5,0.0,0.0,0.0
951,89.51,0.0,0.0,0.0
952,89.52,0.0,0.0,0.0
953,89.53,0.0,0.0,0.0
954,89.54,0.0,0.0,0.0
955,89.55,0.0,0.0,0.0
956,89.56,0.0,0.0,0.0
957,89.57000000000001,0.0,0.0,0.0
958,89.58,0.0,0.0,0.0
959,89.59,0.0,0.0,0.0
960,89.60000000000001,0.0,0.0,0.0
961,89.61,0.0,0.0,0.0
962,89.62,0.0,0.0,0.0
963,89.63,0.0,0.0,0.0
964,89.64,0.0,0.0,0.0
965,89.65,0.0,0.0,0.0
966,89.66,0.0,0.0,0.0
967,89.67,0.0,0.0,0.0
968,89.68,0.0,0.0,0.0
969,89.69,0.0,0.0,0.0
970,89.7,0.0,0.0,0.0
971,89.71000000000001,0.0,0.0,0.0
972,89.72,0.0,0.0,0.0
973,89.73,0.0,0.0,0.0
974,89.74,0.0,0.0,0.0
975,89.75,0.0,0.0,0.0
976,89.76,0.0,0.0,0.0
977,89.77,0.0,0.0,0.0
978,89.78,0.0,0.0,0.0
979,89.79,0.0,0.0,0.0
980,89.8,0.0,0.0,0.0
981,89.81,0.0,0.0,0.0
982,89.82000000000001,0.0,0.0,0.0
983,89.83,0.0,0.0,0.0
984,89.84,0.0,0.0,0.0
985,89.85000000000001,0.0,0.0,0.0
986,89.86,0.0,0.0,0.0
987,89.87,0.0,0.0,0.0
988,89.88,0.0,0.0,0.0
989,89.89,0.0,0.0,0.0
990,89.9,0.0,0.0,0.0
991,89.91,0.0,0.0,0.0
992,89.92,0.0,0.0,0.0
993,89.93,0.0,0.0,0.0
994,89.94,0.0,0.0,0.0
995,89.95,0.0,0.0,0.0
996,89.96000000000001,0.0,0.0,0.0
997,89.97,0.0,0.0,0.0
998,89.98,0.0,0.0,0.0
999,89.99,0.0,0.0,0.0
1000,90.0,0.0,0.0,0.0
1001,90.01,0.0,0.0,0.0
1002,90.02,0.0,0.0,0.0
1003,90.03,0.0,0.0,0.0
1004,90.04,0.0,0.0,0.0
1005,90.05,0.0,0.0,0.0
1006,90.06,0.0,0.0,0.0
1007,90.07000000000001,0.0,0.0,0.0
1008,90.08,0.0,0.0,0.0
1009,90.09,0.0,0.0,0.0
1010,90.10000000000001,0.0,0.0,0.0
1011,90.11,0.0,0.0,0.0
1012,90.12,0.0,0.0,0.0
1013,90.13,0.0,0.0,0.0
1014,90.14,0.0,0.0,0.0
1015,90.15,0.0,0.0,0.0
1016,90.16,0.0,0.0,0.0
1017,90.17,0.0,0.0,0.0
1018,90.18,0.0,0.0,0.0
1019,90.19,0.0,0.0,0.0
1020,90.2,0.0,0.0,0.0
1021,90.21000000000001,0.0,0.0,0.0
1022,90.22,0.0,0.0,0.0
1023,90.23,0.0,0.0,0.0
1024,90.24,0.0,0.0,0.0
1025,90.25,0.0,0.0,0.0
1026,90.26,0.0,0.0,0.0
1027,90.27,0.0,0.0,0.0
1028,90.28,0.0,0.0,0.0
1029,90.29,0.0,0.0,0.0
1030,90.3,0.0,0.0,0.0
1031,90.31,0.0,0.0,0.0
1032,90.32000000000001,0.0,0.0,0.0
1033,90.33,0.0,0.0,0.0
1034,90.34,0.0,0.0,0.0
1035,90.35000000000001,0.0,0.0,0.0
1036,90.36,0.0,0.0,0.0
1037,90.37,0.0,0.0,0.0
1038,90.38,0.0,0.0,0.0
1039,90.39,0.0,0.0,0.0
1040,90.4,0.0,0.0,0.0
1041,90.41,0.0,0.0,0.0
1042,90.42,0.0,0.0,0.0
1043,90.43,0.0,0.0,0.0
1044,90.44,0.0,0.0,0.0
1045,90.45,0.0,0.0,0.0
1046,90.46000000000001,0.0,0.0,0.0
1047,90.47,0.0,0.0,0.0
1048,90.48,0.0,0.0,0.0
1049,90.49,0.0,0.0,0.0
1050,90.5,0.0,0.0,0.0
1051,90.51,0.0,0.0,0.0
1052,90.52,0.0,0.0,0.0
1053,90.53,0.0,0.0,0.0
1054,90.54,0.0,0.0,0.0
1055,90.55,0.0,0.0,0.0
1056,90.56,0.0,0.0,0.0
1057,90.57000000000001,0.0,0.0,0.0
1058,90.58,0.0,0.0,0.0
1059,90.59,0.0,0.0,0.0
1060,90.60000000000001,0.0,0.0,0.0
1061,90.61,0.0,0.0,0.0
1062,90.62,0.0,0.0,0.0
1063,90.63,0.0,0.0,0.0
1064,90.64,0.0,0.0,0.0
1065,90.65,0.0,0.0,0.0
1066,90.66,0.0,0.0,0.0
1067,90.67,0.0,0.0,0.0
1068,90.68,0.0,0.0,0.0
1069,90.69,0.0,0.0,0.0
1070,90.7,0.0,0.0,0.0
1071,90.71000000000001,0.0,0.0,0.0
1072,90.72,0.0,0.0,0.0
1073,90.73,0.0,0.0,0.0
1074,90.74,0.0,0.0,0.0
1075,90.75,0.0,0.0,0.0
1076,90.76,0.0,0.0,0.0
1077,90.77,0.0,0.0,0.0
1078,90.78,0.0,0.0,0.0
1079,90.79,0.0,0.0,0.0
1080,90.8,0.0,0.0,0.0
1081,90.81,0.0,0.0,0.0
1082,90.82000000000001,0.0,0.0,0.0
1083,90.83,0.0,0.0,0.0
1084,90.84,0.0,0.0,0.0
1085,90.85000000000001,0.0,0.0,0.0
1086,90.86,0.0,0.0,0.0
1087,90.87,0.0,0.0,0.0
1088,90.88,0.0,0.0,0.0
1089,90.89,0.0,0.0,0.0
1090,90.9,0.0,0.0,0.0
1091,90.91,0.0,0.0,0.0
1092,90.92,0.0,0.0,0.0
1093,90.93,0.0,0.0,0.0
1094,90.94,0.0,0.0,0.0
1095,90.95,0.0,0.0,0.0
1096,90.96000000000001,0.0,0.0,0.0
1097,90.97,0.0,0.0,0.0
1098,90.98,0.0,0.0,0.0
1099,90.99,0.0,0.0,0.0
1100,91.0,0.0,0.0,0.0
1101,91.01,0.0,0.0,0.0
1102,91.02,0.0,0.0,0.0
1103,91.03,0.0,0.0,0.0
1104,91.04,0.0,0.0,0.0
1105,91.05,0.0,0.0,0.0
1106,91.06,0.0,0.0,0.0
1107,91.07000000000001,0.0,0.0,0.0
1108,91.08,0.0,0.0,0.0
1109,91.09,0.0,0.0,0.0
1110,91.10000000000001,0.0,0.0,0.0
1111,91.11,0.0,0.0,0.0
1112,91.12,0.0,0.0,0.0
1113,91.13,0.0,0.0,0.0
1114,91.14,0.0,0.0,0.0
1115,91.15,0.0,0.0,0.0
1116,91.16,0.0,0.0,0.0
1117,91.17,0.0,0.0,0.0
1118,91.18,0.0,0.0,0.0
1119,91.19,0.0,0.0,0.0
1120,91.2,0.0,0.0,0.0
1121,91.21000000000001,0.0,0.0,0.0
1122,91.22,0.0,0.0,0.0
1123,91.23,0.0,0.0,0.0
1124,91.24,0.0,0.0,0.0
1125,91.25,0.0,0.0,0.0
1126,91.26,0.0,0.0,0.0
1127,91.27,0.0,0.0,0.0
1128,91.28,0.0,0.0,0.0
1129,91.29,0.0,0.0,0.0
1130,91.3,0.0,0.0,0.0
1131,91.31,0.0,0.0,0.0
1132,91.32000000000001,0.0,0.0,0.0
1133,91.33,0.0,0.0,0.0
1134,91.34,0.0,0.0,0.0
1135,91.35000000000001,0.0,0.0,0.0
1136,91.36,0.0,0.0,0.0
1137,91.37,0.0,0.0,0.0
1138,91.38,0.0,0.0,0.0
1139,91.39,0.0,0.0,0.0
1140,91.4,0.0,0.0,0.0
1141,91.41,0.0,0.0,0.0
1142,91.42,0.0,0.0,0.0
1143,91.43,0.0,0.0,0.0
1144,91.44,0.0,0.0,0.0
1145,91.45,0.0,0.0,0.0
1146,91.46000000000001,0.0,0.0,0.0
1147,91.47,0.0,0.0,0.0
1148,91.48,0.0,0.0,0.0
1149,91.49,0.0,0.0,0.0
1150,91.5,0.0,0.0,0.0
1151,91.51,0.0,0.0,0.0
1152,91.52,0.0,0.0,0.0
1153,91.53,0.0,0.0,0.0
1154,91.54,0.0,0.0,0.0
1155,91.55,0.0,0.0,0.0
1156,91.56,0.0,0.0,0.0
1157,91.57000000000001,0.0,0.0,0.0
1158,91.58,0.0,0.0,0.0
1159,91.59,0.0,0.0,0.0
1160,91.60000000000001,0.0,0.0,0.0
1161,91.61,0.0,0.0,0.0
1162,91.62,0.0,0.0,0.0
1163,91.63,0.0,0.0,0.0
1164,91.64,0.0,0.0,0.0
1165,91.65,0.0,0.0,0.0
1166,91.66,0.0,0.0,0.0
1167,91.67,0.0,0.0,0.0
1168,91.68,0.0,0.0,0.0
1169,91.69,0.0,0.0,0.0
1170,91.7,0.0,0.0,0.0
1171,91.71000000000001,0.0,0.0,0.0
1172,91.72,0.0,0.0,0.0
1173,91.73,0.0,0.0,0.0
1174,91.74,0.0,0.0,0.0
1175,91.75,0.0,0.0,0.0
1176,91.76,0.0,0.0,0.0
1177,91.77,0.0,0.0,0.0
1178,91.78,0.0,0.0,0.0
1179,91.79,0.0,0.0,0.0
1180,91.8,0.0,0.0,0.0
1181,91.81,0.0,0.0,0.0
1182,91.82000000000001,0.0,0.0,0.0
1183,91.83,0.0,0.0,0.0
1184,91.84,0.0,0.0,0.0
1185,91.85000000000001,0.0,0.0,0.0
1186,91.86,0.0,0.0,0.0
1187,91.87,0.0,0.0,0.0
1188,91.88,0.0,0.0,0.0
1189,91.89,0.0,0.0,0.0
1190,91.9,0.0,0.0,0.0
1191,91.91,0.0,0.0,0.0
1192,91.92,0.0,0.0,0.0
1193,91.93,0.0,0.0,0.0
1194,91.94,0.0,0.0,0.0
1195,91.95,0.0,0.0,0.0
1196,91.96000000000001,0.0,0.0,0.0
1197,91.97,0.0,0.0,0.0
1198,91.98,0.0,0.0,0.0
1199,91.99,0.0,0.0,0.0
1200,92.0,0.0,0.0,0.0
1201,92.01,0.0,0.0,0.0
1202,92.02,0.0,0.0,0.0
1203,92.03,0.0,0.0,0.0
1204,92.04,0.0,0.0,0.0
1205,92.05,0.0,0.0,0.0
1206,92.06,0.0,0.0,0.0
1207,92.07000000000001,0.0,0.0,0.0
1208,92.08,0.0,0.0,0.0
1209,92.09,0.0,0.0,0.0
1210,92.10000000000001,0.0,0.0,0.0
1211,92.11,0.0,0.0,0.0
1212,92.12,0.0,0.0,0.0
1213,92.13,0.0,0.0,0.0
1214,92.14,0.0,0.0,0.0
1215,92.15,0.0,0.0,0.0
1216,92.16,0.0,0.0,0.0
1217,92.17,0.0,0.0,0.0
1218,92.18,0.0,0.0,0.0
1219,92.19,0.0,0.0,0.0
1220,92.2,0.0,0.0,0.0
1221,92.21000000000001,0.0,0.0,0.0
1222,92.22,0.0,0.0,0.0
1223,92.23,0.0,0.0,0.0
1224,92.24,0.0,0.0,0.0
1225,92.25,0.0,0.0,0.0
1226,92.26,0.0,0.0,0.0
1227,92.27,0.0,0.0,0.0
1228,92.28,0.0,0.0,0.0
1229,92.29,0.0,0.0,0.0
1230,92.3,0.0,0.0,0.0
1231,92.31,0.0,0.0,0.0
1232,92.32000000000001,0.0,0.0,0.0
1233,92.33,0.0,0.0,0.0
1234,92.34,0.0,0.0,0.0
1235,92.35000000000001,0.0,0.0,0.0
1236,92.36,0.0,0.0,0.0
1237,92.37,0.0,0.0,0.0
1238,92.38,0.0,0.0,0.0
1239,92.39,0.0,0.0,0.0
1240,92.4,0.0,0.0,0.0
1241,92.41,0.0,0.0,0.0
1242,92.42,0.0,0.0,0.0
1243,92.43,0.0,0.0,0.0
1244,92.44,0.0,0.0,0.0
1245,92.45,0.0,0.0,0.0
1246,92.46000000000001,0.0,0.0,0.0
1247,92.47,0.0,0.0,0.0
1248,92.48,0.0,0.0,0.0
1249,92.49,0.0,0.0,0.0
1250,92.5,0.0,0.0,0.0
1251,92.51,0.0,0.0,0.0
1252,92.52,0.0,0.0,0.0
1253,92.53,0.0,0.0,0.0
1254,92.54,0.0,0.0,0.0
1255,92.55,0.0,0.0,0.0
1256,92.56,0.0,0.0,0.0
1257,92.57000000000001,0.0,0.0,0.0
1258,92.58,0.0,0.0,0.0
1259,92.59,0.0,0.0,0.0
1260,92.60000000000001,0.0,0.0,0.0
1261,92.61,0.0,0.0,0.0
1262,92.62,0.0,0.0,0.0
1263,92.63,0.0,0.0,0.0
1264,92.64,0.0,0.0,0.0
1265,92.65,0.0,0.0,0.0
1266,92.66,0.0,0.0,0.0
1267,92.67,0.0,0.0,0.0
1268,92.68,0.0,0.0,0.0
1269,92.69,0.0,0.0,0.0
1270,92.7,0.0,0.0,0.0
1271,92.71000000000001,0.0,0.0,0.0
1272,92.72,0.0,0.0,0.0
1273,92.73,0.0,0.0,0.0
1274,92.74,0.0,0.0,0.0
1275,92.75,0.0,0.0,0.0
1276,92.76,0.0,0.0,0.0
1277,92.77,0.0,0.0,0.0
1278,92.78,0.0,0.0,0.0
1279,92.79,0.0,0.0,0.0
1280,92.8,0.0,0.0,0.0
1281,92.81,0.0,0.0,0.0
1282,92.82000000000001,0.0,0.0,0.0
1283,92.83,0.0,0.0,0.0
1284,92.84,0.0,0.0,0.0
1285,92.85000000000001,0.0,0.0,0.0
1286,92.86,0.0,0.0,0.0
1287,92.87,0.0,0.0,0.0
1288,92.88,0.0,0.0,0.0
1289,92.89,0.0,0.0,0.0
1290,92.9,0.0,0.0,0.0
1291,92.91,0.0,0.0,0.0
1292,92.92,0.0,0.0,0.0
1293,92.93,0.0,0.0,0.0
1294,92.94,0.0,0.0,0.0
1295,92.95,0.0,0.0,0.0
1296,92.96000000000001,0.0,0.0,0.0
1297,92.97,0.0,0.0,0.0
1298,92.98,0.0,0.0,0.0
1299,92.99,0.0,0.0,0.0
1300,93.0,0.0,0.0,0.0
1301,93.01,0.0,0.0,0.0
1302,93.02,0.0,0.0,0.0
1303,93.03,0.0,0.0,0.0
1304,93.04,0.0,0.0,0.0
1305,93.05,0.0,0.0,0.0
1306,93.06,0.0,0.0,0.0
1307,93.07000000000001,0.0,0.0,0.0
1308,93.08,0.0,0.0,0.0
1309,93.09,0.0,0.0,0.0
1310,93.10000000000001,0.0,0.0,0.0
1311,93.11,0.0,0.0,0.0
1312,93.12,0.0,0.0,0.0
1313,93.13,0.0,0.0,0.0
1314,93.14,0.0,0.0,0.0
1315,93.15,0.0,0.0,0.0
1316,93.16,0.0,0.0,0.0
1317,93.17,0.0,0.0,0.0
1318,93.18,0.0,0.0,0.0
1319,93.19,0.0,0.0,0.0
1320,93.2,0.0,0.0,0.0
1321,93.21000000000001,0.0,0.0,0.0
1322,93.22,0.0,0.0,0.0
1323,93.23,0.0,0.0,0.0
1324,93.24,0.0,0.0,0.0
1325,93.25,0.0,0.0,0.0
1326,93.26,0.0,0.0,0.0
1327,93.27,0.0,0.0,0.0
1328,93.28,0.0,0.0,0.0
1329,93.29,0.0,0.0,0.0
1330,93.3,0.0,0.0,0.0
1331,93.31,0.0,0.0,0.0
1332,93.32000000000001,0.0,0.0,0.0
1333,93.33,0.0,0.0,0.0
1334,93.34,0.0,0.0,0.0
1335,93.35000000000001,0.0,0.0,0.0
1336,93.36,0.0,0.0,0.0
1337,93.37,0.0,0.0,0.0
1338,93.38,0.0,0.0,0.0
1339,93.39,0.0,0.0,0.0
1340,93.4,0.0,0.0,0.0
1341,93.41,0.0,0.0,0.0
1342,93.42,0.0,0.0,0.0
1343,93.43,0.0,0.0,0.0
1344,93.44,0.0,0.0,0.0
1345,93.45,0.0,0.0,0.0
1346,93.46000000000001,0.0,0.0,0.0
1347,93.47,0.0,0.0,0.0
1348,93.48,0.0,0.0,0.0
1349,93.49,0.0,0.0,0.0
1350,93.5,0.0,0.0,0.0
1351,93.51,0.0,0.0,0.0
1352,93.52,0.0,0.0,0.0
1353,93.53,0.0,0.0,0.0
1354,93.54,0.0,0.0,0.0
1355,93.55,0.0,0.0,0.0
1356,93.56,0.0,0.0,0.0
1357,93.57000000000001,0.0,0.0,0.0
1358,93.58,0.0,0.0,0.0
1359,93.59,0.0,0.0,0.0
1360,93.60000000000001,0.0,0.0,0.0
1361,93.61,0.0,0.0,0.0
1362,93.62,0.0,0.0,0.0
1363,93.63,0.0,0.0,0.0
1364,93.64,0.0,0.0,0.0
1365,93.65,0.0,0.0,0.0
1366,93.66,0.0,0.0,0.0
1367,93.67,0.0,0.0,0.0
1368,93.68,0.0,0.0,0.0
1369,93.69,0.0,0.0,0.0
1370,93.7,0.0,0.0,0.0
1371,93.71000000000001,0.0,0.0,0.0
1372,93.72,0.0,0.0,0.0
1373,93.73,0.0,0.0,0.0
1374,93.74,0.0,0.0,0.0
1375,93.75,0.0,0.0,0.0
1376,93.76,0.0,0.0,0.0
1377,93.77,0.0,0.0,0.0
1378,93.78,0.0,0.0,0.0
1379,93.79,0.0,0.0,0.0
1380,93.8,0.0,0.0,0.0
1381,93.81,0.0,0.0,0.0
1382,93.82000000000001,0.0,0.0,0.0
1383,93.83,0.0,0.0,0.0
1384,93.84,0.0,0.0,0.0
1385,93.85000000000001,0.0,0.0,0.0
1386,93.86,0.0,0.0,0.0
1387,93.87,0.0,0.0,0.0
1388,93.88,0.0,0.0,0.0
1389,93.89,0.0,0.0,0.0
1390,93.9,0.0,0.0,0.0
1391,93.91,0.0,0.0,0.0
1392,93.92,0.0,0.0,0.0
1393,93.93,0.0,0.0,0.0
1394,93.94,0.0,0.0,0.0
1395,93.95,0.0,0.0,0.0
1396,93.96000000000001,0.0,0.0,0.0
1397,93.97,0.0,0.0,0.0
1398,93.98,0.0,0.0,0.0
1399,93.99,0.0,0.0,0.0
1400,94.0,0.0,0.0,0.0
1401,94.01,0.0,0.0,0.0
1402,94.02,0.0,0.0,0.0
1403,94.03,0.0,0.0,0.0
1404,94.04,0.0,0.0,0.0
1405,94.05,0.0,0.0,0.0
1406,94.06,0.0,0.0,0.0
1407,94.07000000000001,0.0,0.0,0.0
1408,94.08,0.0,0.0,0.0
1409,94.09,0.0,0.0,0.0
1410,94.10000000000001,0.0,0.0,0.0
1411,94.11,0.0,0.0,0.0
1412,94.12,0.0,0.0,0.0
1413,94.13,0.0,0.0,0.0
1414,94.14,0.0,0.0,0.0
1415,94.15,0.0,0.0,0.0
1416,94.16,0.0,0.0,0.0
1417,94.17,0.0,0.0,0.0
1418,94.18,0.0,0.0,0.0
1419,94.19,0.0,0.0,0.0
1420,94.2,0.0,0.0,0.0
1421,94.21000000000001,0.0,0.0,0.0
1422,94.22,0.0,0.0,0.0
1423,94.23,0.0,0.0,0.0
1424,94.24,0.0,0.0,0.0
1425,94.25,0.0,0.0,0.0
1426,94.26,0.0,0.0,0.0
1427,94.27,0.0,0.0,0.0
1428,94.28,0.0,0.0,0.0
1429,94.29,0.0,0.0,0.0
1430,94.3,0.0,0.0,0.0
1431,94.31,0.0,0.0,0.0
1432,94.32000000000001,0.0,0.0,0.0
1433,94.33,0.0,0.0,0.0
1434,94.34,0.0,0.0,0.0
1435,94.35000000000001,0.0,0.0,0.0
1436,94.36,0.0,0.0,0.0
1437,94.37,0.0,0.0,0.0
1438,94.38,0.0,0.0,0.0
1439,94.39,0.0,0.0,0.0
1440,94.4,0.0,0.0,0.0
1441,94.41,0.0,0.0,0.0
1442,94.42,0.0,0.0,0.0
1443,94.43,0.0,0.0,0.0
1444,94.44,0.0,0.0,0.0
1445,94.45,0.0,0.0,0.0
1446,94.46000000000001,0.0,0.0,0.0
1447,94.47,0.0,0.0,0.0
1448,94.48,0.0,0.0,0.0
1449,94.49,0.0,0.0,0.0
1450,94.5,0.0,0.0,0.0
1451,94.51,0.0,0.0,0.0
1452,94.52,0.0,0.0,0.0
1453,94.53,0.0,0.0,0.0
1454,94.54,0.0,0.0,0.0
1455,94.55,0.0,0.0,0.0
1456,94.56,0.0,0.0,0.0
1457,94.57000000000001,0.0,0.0,0.0
1458,94.58,0.0,0.0,0.0
1459,94.59,0.0,0.0,0.0
1460,94.60000000000001,0.0,0.0,0.0
1461,94.61,0.0,0.0,0.0
1462,94.62,0.0,0.0,0.0
1463,94.63,0.0,0.0,0.0
1464,94.64,0.0,0.0,0.0
1465,94.65,0.0,0.0,0.0
1466,94.66,0.0,0.0,0.0
1467,94.67,0.0,0.0,0.0
1468,94.68,0.0,0.0,0.0
1469,94.69,0.0,0.0,0.0
1470,94.7,0.0,0.0,0.0
1471,94.71000000000001,0.0,0.0,0.0
1472,94.72,0.0,0.0,0.0
1473,94.73,0.0,0.0,0.0
1474,94.74,0.0,0.0,0.0
1475,94.75,0.0,0.0,0.0
1476,94.76,0.0,0.0,0.0
1477,94.77,0.0,0.0,0.0
1478,94.78,0.0,0.0,0.0
1479,94.79,0.0,0.0,0.0
1480,94.8,0.0,0.0,0.0
1481,94.81,0.0,0.0,0.0
1482,94.82000000000001,0.0,0.0,0.0
1483,94.83,0.0,0.0,0.0
1484,94.84,0.0,0.0,0.0
1485,94.85000000000001,0.0,0.0,0.0
1486,94.86,0.0,0.0,0.0
1487,94.87,0.0,0.0,0.0
1488,94.88,0.0,0.0,0.0
1489,94.89,0.0,0.0,0.0
1490,94.9,0.0,0.0,0.0
1491,94.91,0.0,0.0,0.0
1492,94.92,0.0,0.0,0.0
1493,94.93,0.0,0.0,0.0
1494,94.94,0.0,0.0,0.0
1495,94.95,0.0,0.0,0.0
1496,94.96000000000001,0.0,0.0,0.0
1497,94.97,0.0,0.0,0.0
1498,94.98,0.0,0.0,0.0
1499,94.99,0.0,0.0,0.0
1500,95.0,0.0,0.0,0.0
1501,95.01,0.0,0.0,0.0
1502,95.02,0.0,0.0,0.0
1503,95.03,0.0,0.0,0.0
1504,95.04,0.0,0.0,0.0
1505,95.05,0.0,0.0,0.0
1506,95.06,0.0,0.0,0.0
1507,95.07000000000001,0.0,0.0,0.0
1508,95.08,0.0,0.0,0.0
1509,95.09,0.0,0.0,0.0
1510,95.10000000000001,0.0,0.0,0.0
1511,95.11,0.0,0.0,0.0
1512,95.12,0.0,0.0,0.0
1513,95.13,0.0,0.0,0.0
1514,95.14,0.0,0.0,0.0
1515,95.15,0.0,0.0,0.0
1516,95.16,0.0,0.0,0.0
1517,95.17,0.0,0.0,0.0
1518,95.18,0.0,0.0,0.0
1519,95.19,0.0,0.0,0.0
1520,95.2,0.0,0.0,0.0
1521,95.21000000000001,0.0,0.0,0.0
1522,95.22,0.0,0.0,0.0
1523,95.23,0.0,0.0,0.0
1524,95.24,0.0,0.0,0.0
1525,95.25,0.0,0.0,0.0
1526,95.26,0.0,0.0,0.0
1527,95.27,0.0,0.0,0.0
1528,95.28,0.0,0.0,0.0
1529,95.29,0.0,0.0,0.0
1530,95.3,0.0,0.0,0.0
1531,95.31,0.0,0.0,0.0
1532,95.32000000000001,0.0,0.0,0.0
1533,95.33,0.0,0.0,0.0
1534,95.34,0.0,0.0,0.0
1535,95.35000000000001,0.0,0.0,0.0
1536,95.36,0.0,0.0,0.0
1537,95.37,0.0,0.0,0.0
1538,95.38,0.0,0.0,0.0
1539,95.39,0.0,0.0,0.0
1540,95.4,0.0,0.0,0.0
1541,95.41,0.0,0.0,0.0
1542,95.42,0.0,0.0,0.0
1543,95.43,0.0,0.0,0.0
1544,95.44,0.0,0.0,0.0
1545,95.45,0.0,0.0,0.0
1546,95.46000000000001,0.0,0.0,0.0
1547,95.47,0.0,0.0,0.0
1548,95.48,0.0,0.0,0.0
1549,95.49,0.0,0.0,0.0
1550,95.5,0.0,0.0,0.0
1551,95.51,0.0,0.0,0.0
1552,95.52,0.0,0.0,0.0
1553,95.53,0.0,0.0,0.0
1554,95.54,0.0,0.0,0.0
1555,95.55,0.0,0.0,0.0
1556,95.56,0.0,0.0,0.0
1557,95.57000000000001,0.0,0.0,0.0
1558,95.58,0.0,0.0,0.0
1559,95.59,0.0,0.0,0.0
1560,95.60000000000001,0.0,0.0,0.0
1561,95.61,0.0,0.0,0.0
1562,95.62,0.0,0.0,0.0
1563,95.63,0.0,0.0,0.0
1564,95.64,0.0,0.0,0.0
1565,95.65,0.0,0.0,0.0
1566,95.66,0.0,0.0,0.0
1567,95.67,0.0,0.0,0.0
1568,95.68,0.0,0.0,0.0
1569,95.69,0.0,0.0,0.0
1570,95.7,0.0,0.0,0.0
1571,95.71000000000001,0.0,0.0,0.0
1572,95.72,0.0,0.0,0.0
1573,95.73,0.0,0.0,0.0
1574,95.74000000000001,0.0,0.0,0.0
1575,95.75,0.0,0.0,0.0
1576,95.76,0.0,0.0,0.0
1577,95.77,0.0,0.0,0.0
1578,95.78,0.0,0.0,0.0
1579,95.79,0.0,0.0,0.0
1580,95.8,0.0,0.0,0.0
1581,95.81,0.0,0.0,0.0
1582,95.82000000000001,0.0,0.0,0.0
1583,95.83,0.0,0.0,0.0
1584,95.84,0.0,0.0,0.0
1585,95.85000000000001,0.0,0.0,0.0
1586,95.86,0.0,0.0,0.0
1587,95.87,0.0,0.0,0.0
1588,95.88,0.0,0.0,0.0
1589,95.89,0.0,0.0,0.0
1590,95.9,0.0,0.0,0.0
1591,95.91,0.0,0.0,0.0
1592,95.92,0.0,0.0,0.0
1593,95.93,0.0,0.0,0.0
1594,95.94,0.0,0.0,0.0
1595,95.95,0.0,0.0,0.0
1596,95.96000000000001,0.0,0.0,0.0
1597,95.97,0.0,0.0,0.0
1598,95.98,0.0,0.0,0.0
1599,95.99000000000001,0.0,0.0,0.0
1600,96.0,0.0,0.0,0.0
1601,96.01,0.0,0.0,0.0
1602,96.02,0.0,0.0,0.0
1603,96.03,0.0,0.0,0.0
1604,96.04,0.0,0.0,0.0
1605,96.05,0.0,0.0,0.0
1606,96.06,0.0,0.0,0.0
1607,96.07000000000001,0.0,0.0,0.0
1608,96.08,0.0,0.0,0.0
1609,96.09,0.0,0.0,0.0
1610,96.10000000000001,0.0,0.0,0.0
1611,96.11,0.0,0.0,0.0
1612,96.12,0.0,0.0,0.0
1613,96.13,0.0,0.0,0.0
1614,96.14,0.0,0.0,0.0
1615,96.15,0.0,0.0,0.0
1616,96.16,0.0,0.0,0.0
1617,96.17,0.0,0.0,0.0
1618,96.18,0.0,0.0,0.0
1619,96.19,0.0,0.0,0.0
1620,96.2,0.0,0.0,0.0
1621,96.21000000000001,0.0,0.0,0.0
1622,96.22,0.0,0.0,0.0
1623,96.23,0.0,0.0,0.0
1624,96.24000000000001,0.0,0.0,0.0
1625,96.25,0.0,0.0,0.0
1626,96.26,0.0,0.0,0.0
1627,96.27,0.0,0.0,0.0
1628,96.28,0.0,0.0,0.0
1629,96.29,0.0,0.0,0.0
1630,96.3,0.0,0.0,0.0
1631,96.31,0.0,0.0,0.0
1632,96.32000000000001,0.0,0.0,0.0
1633,96.33,0.0,0.0,0.0
1634,96.34,0.0,0.0,0.0
1635,96.35000000000001,0.0,0.0,0.0
1636,96.36,0.0,0.0,0.0
1637,96.37,0.0,0.0,0.0
1638,96.38,0.0,0.0,0.0
1639,96.39,0.0,0.0,0.0
1640,96.4,0.0,0.0,0.0
1641,96.41,0.0,0.0,0.0
1642,96.42,0.0,0.0,0.0
1643,96.43,0.0,0.0,0.0
1644,96.44,0.0,0.0,0.0
1645,96.45,0.0,0.0,0.0
1646,96.46000000000001,0.0,0.0,0.0
1647,96.47,0.0,0.0,0.0
1648,96.48,0.0,0.0,0.0
1649,96.49000000000001,0.0,0.0,0.0
1650,96.5,0.0,0.0,0.0
1651,96.51,0.0,0.0,0.0
1652,96.52,0.0,0.0,0.0
1653,96.53,0.0,0.0,0.0
1654,96.54,0.0,0.0,0.0
1655,96.55,0.0,0.0,0.0
1656,96.56,0.0,0.0,0.0
1657,96.57000000000001,0.0,0.0,0.0
1658,96.58,0.0,0.0,0.0
1659,96.59,0.0,0.0,0.0
1660,96.60000000000001,0.0,0.0,0.0
1661,96.61,0.0,0.0,0.0
1662,96.62,0.0,0.0,0.0
1663,96.63,0.0,0.0,0.0
1664,96.64,0.0,0.0,0.0
1665,96.65,0.0,0.0,0.0
1666,96.66,0.0,0.0,0.0
1667,96.67,0.0,0.0,0.0
1668,96.68,0.0,0.0,0.0
1669,96.69,0.0,0.0,0.0
1670,96.7,0.0,0.0,0.0
1671,96.71000000000001,0.0,0.0,0.0
1672,96.72,0.0,0.0,0.0
1673,96.73,0.0,0.0,0.0
1674,96.74000000000001,0.0,0.0,0.0
1675,96.75,0.0,0.0,0.0
1676,96.76,0.0,0.0,0.0
1677,96.77,0.0,0.0,0.0
1678,96.78,0.0,0.0,0.0
1679,96.79,0.0,0.0,0.0
1680,96.8,0.0,0.0,0.0
1681,96.81,0.0,0.0,0.0
1682,96.82000000000001,0.0,0.0,0.0
1683,96.83,0.0,0.0,0.0
1684,96.84,0.0,0.0,0.0
1685,96.85000000000001,0.0,0.0,0.0
1686,96.86,0.0,0.0,0.0
1687,96.87,0.0,0.0,0.0
1688,96.88,0.0,0.0,0.0
1689,96.89,0.0,0.0,0.0
1690,96.9,0.0,0.0,0.0
1691,96.91,0.0,0.0,0.0
1692,96.92,0.0,0.0,0.0
1693,96.93,0.0,0.0,0.0
1694,96.94,0.0,0.0,0.0
1695,96.95,0.0,0.0,0.0
1696,96.96000000000001,0.0,0.0,0.0
1697,96.97,0.0,0.0,0.0
1698,96.98,0.0,0.0,0.0
1699,96.99000000000001,0.0,0.0,0.0
1700,97.0,0.0,0.0,0.0
1701,97.01,0.0,0.0,0.0
1702,97.02,0.0,0.0,0.0
1703,97.03,0.0,0.0,0.0
1704,97.04,0.0,0.0,0.0
1705,97.05,0.0,0.0,0.0
1706,97.06,0.0,0.0,0.0
1707,97.07000000000001,0.0,0.0,0.0
1708,97.08,0.0,0.0,0.0
1709,97.09,0.0,0.0,0.0
1710,97.10000000000001,0.0,0.0,0.0
1711,97.11,0.0,0.0,0.0
1712,97.12,0.0,0.0,0.0
1713,97.13,0.0,0.0,0.0
1714,97.14,0.0,0.0,0.0
1715,97.15,0.0,0.0,0.0
1716,97.16,0.0,0.0,0.0
1717,97.17,0.0,0.0,0.0
1718,97.18,0.0,0.0,0.0
1719,97.19,0.0,0.0,0.0
1720,97.2,0.0,0.0,0.0
1721,97.21000000000001,0.0,0.0,0.0
1722,97.22,0.0,0.0,0.0
1723,97.23,0.0,0.0,0.0
1724,97.24000000000001,0.0,0.0,0.0
1725,97.25,0.0,0.0,0.0
1726,97.26,0.0,0.0,0.0
1727,97.27,0.0,0.0,0.0
1728,97.28,0.0,0.0,0.0
1729,97.29,0.0,0.0,0.0
1730,97.3,0.0,0.0,0.0
1731,97.31,0.0,0.0,0.0
1732,97.32000000000001,0.0,0.0,0.0
1733,97.33,0.0,0.0,0.0
1734,97.34,0.0,0.0,0.0
1735,97.35000000000001,0.0,0.0,0.0
1736,97.36,0.0,0.0,0.0
1737,97.37,0.0,0.0,0.0
1738,97.38,0.0,0.0,0.0
1739,97.39,0.0,0.0,0.0
1740,97.4,0.0,0.0,0.0
1741,97.41,0.0,0.0,0.0
1742,97.42,0.0,0.0,0.0
1743,97.43,0.0,0.0,0.0
1744,97.44,0.0,0.0,0.0
1745,97.45,0.0,0.0,0.0
1746,97.46000000000001,0.0,0.0,0.0
1747,97.47,0.0,0.0,0.0
1748,97.48,0.0,0.0,0.0
1749,97.49000000000001,0.0,0.0,0.0
1750,97.5,0.0,0.0,0.0
1751,97.51,0.0,0.0,0.0
1752,97.52,0.0,0.0,0.0
1753,97.53,0.0,0.0,0.0
1754,97.54,0.0,0.0,0.0
1755,97.55,0.0,0.0,0.0
1756,97.56,0.0,0.0,0.0
1757,97.57000000000001,0.0,0.0,0.0
1758,97.58,0.0,0.0,0.0
1759,97.59,0.0,0.0,0.0
1760,97.60000000000001,0.0,0.0,0.0
1761,97.61,0.0,0.0,0.0
1762,97.62,0.0,0.0,0.0
1763,97.63,0.0,0.0,0.0
1764,97.64,0.0,0.0,0.0
1765,97.65,0.0,0.0,0.0
1766,97.66,0.0,0.0,0.0
1767,97.67,0.0,0.0,0.0
1768,97.68,0.0,0.0,0.0
1769,97.69,0.0,0.0,0.0
1770,97.7,0.0,0.0,0.0
1771,97.71000000000001,0.0,0.0,0.0
1772,97.72,0.0,0.0,0.0
1773,97.73,0.0,0.0,0.0
1774,97.74000000000001,0.0,0.0,0.0
1775,97.75,0.0,0.0,0.0
1776,97.76,0.0,0.0,0.0
1777,97.77,0.0,0.0,0.0
1778,97.78,0.0,0.0,0.0
1779,97.79,0.0,0.0,0.0
1780,97.8,0.0,0.0,0.0
1781,97.81,0.0,0.0,0.0
1782,97.82000000000001,0.0,0.0,0.0
1783,97.83,0.0,0.0,0.0
1784,97.84,0.0,0.0,0.0
1785,97.85000000000001,0.0,0.0,0.0
1786,97.86,0.0,0.0,0.0
1787,97.87,0.0,0.0,0.0
1788,97.88,0.0,0.0,0.0
1789,97.89,0.0,0.0,0.0
1790,97.9,0.0,0.0,0.0
1791,97.91,0.0,0.0,0.0
1792,97.92,0.0,0.0,0.0
1793,97.93,0.0,0.0,0.0
1794,97.94,0.0,0.0,0.0
1795,97.95,0.0,0.0,0.0
1796,97.96000000000001,0.0,0.0,0.0
1797,97.97,0.0,0.0,0.0
1798,97.98,0.0,0.0,0.0
1799,97.99000000000001,0.0,0.0,0.0
1800,98.0,0.0,0.0,0.0
1801,98.01,0.0,0.0,0.0
1802,98.02,0.0,0.0,0.0
1803,98.03,0.0,0.0,0.0
1804,98.04,0.0,0.0,0.0
1805,98.05,0.0,0.0,0.0
1806,98.06,0.0,0.0,0.0
1807,98.07000000000001,0.0,0.0,0.0
1808,98.08,0.0,0.0,0.0
1809,98.09,0.0,0.0,0.0
1810,98.10000000000001,0.0,0.0,0.0
1811,98.11,0.0,0.0,0.0
1812,98.12,0.0,0.0,0.0
1813,98.13,0.0,0.0,0.0
1814,98.14,0.0,0.0,0.0
1815,98.15,0.0,0.0,0.0
1816,98.16,0.0,0.0,0.0
1817,98.17,0.0,0.0,0.0
1818,98.18,0.0,0.0,0.0
1819,98.19,0.0,0.0,0.0
1820,98.2,0.0,0.0,0.0
1821,98.21000000000001,0.0,0.0,0.0
1822,98.22,0.0,0.0,0.0
1823,98.23,0.0,0.0,0.0
1824,98.24000000000001,0.0,0.0,0.0
1825,98.25,0.0,0.0,0.0
1826,98.26,0.0,0.0,0.0
1827,98.27,0.0,0.0,0.0
1828,98.28,0.0,0.0,0.0
1829,98.29,0.0,0.0,0.0
1830,98.3,0.0,0.0,0.0
1831,98.31,0.0,0.0,0.0
1832,98.32000000000001,0.0,0.0,0.0
1833,98.33,0.0,0.0,0.0
1834,98.34,0.0,0.0,0.0
1835,98.35000000000001,0.0,0.0,0.0
1836,98.36,0.0,0.0,0.0
1837,98.37,0.0,0.0,0.0
1838,98.38,0.0,0.0,0.0
1839,98.39,0.0,0.0,0.0
1840,98.4,0.0,0.0,0.0
1841,98.41,0.0,0.0,0.0
1842,98.42,0.0,0.0,0.0
1843,98.43,0.0,0.0,0.0
1844,98.44,0.0,0.0,0.0
1845,98.45,0.0,0.0,0.0
1846,98.46000000000001,0.0,0.0,0.0
1847,98.47,0.0,0.0,0.0
1848,98.48,0.0,0.0,0.0
1849,98.49000000000001,0.0,0.0,0.0
1850,98.5,0.0,0.0,0.0
1851,98.51,0.0,0.0,0.0
1852,98.52,0.0,0.0,0.0
1853,98.53,0.0,0.0,0.0
1854,98.54,0.0,0.0,0.0
1855,98.55,0.0,0.0,0.0
1856,98.56,0.0,0.0,0.0
1857,98.57000000000001,0.0,0.0,0.0
1858,98.58,0.0,0.0,0.0
1859,98.59,0.0,0.0,0.0
1860,98.60000000000001,0.0,0.0,0.0
1861,98.61,0.0,0.0,0.0
1862,98.62,0.0,0.0,0.0
1863,98.63,0.0,0.0,0.0
1864,98.64,0.0,0.0,0.0
1865,98.65,0.0,0.0,0.0
1866,98.66,0.0,0.0,0.0
1867,98.67,0.0,0.0,0.0
1868,98.68,0.0,0.0,0.0
1869,98.69,0.0,0.0,0.0
1870,98.7,0.0,0.0,0.0
1871,98.71000000000001,0.0,0.0,0.0
1872,98.72,0.0,0.0,0.0
1873,98.73,0.0,0.0,0.0
1874,98.74000000000001,0.0,0.0,0.0
1875,98.75,0.0,0.0,0.0
1876,98.76,0.0,0.0,0.0
1877,98.77,0.0,0.0,0.0
1878,98.78,0.0,0.0,0.0
1879,98.79,0.0,0.0,0.0
1880,98.8,0.0,0.0,0.0
1881,98.81,0.0,0.0,0.0
1882,98.82000000000001,0.0,0.0,0.0
1883,98.83,0.0,0.0,0.0
1884,98.84,0.0,0.0,0.0
1885,98.85000000000001,0.0,0.0,0.0
1886,98.86,0.0,0.0,0.0
1887,98.87,0.0,0.0,0.0
1888,98.88,0.0,0.0,0.0
1889,98.89,0.0,0.0,0.0
1890,98.9,0.0,0.0,0.0
1891,98.91,0.0,0.0,0.0
1892,98.92,0.0,0.0,0.0
1893,98.93,0.0,0.0,0.0
1894,98.94,0.0,0.0,0.0
1895,98.95,0.0,0.0,0.0
1896,98.96000000000001,0.0,0.0,0.0
1897,98.97,0.0,0.0,0.0
1898,98.98,0.0,0.0,0.0
1899,98.99000000000001,0.0,0.0,0.0
1900,99.0,0.0,0.0,0.0
1901,99.01,0.0,0.0,0.0
1902,99.02,0.0,0.0,0.0
1903,99.03,0.0,0.0,0.0
1904,99.04,0.0,0.0,0.0
1905,99.05,0.0,0.0,0.0
1906,99.06,0.0,0.0,0.0
1907,99.07000000000001,0.0,0.0,0.0
1908,99.08,0.0,0.0,0.0
1909,99.09,0.0,0.0,0.0
1910,99.10000000000001,0.0,0.0,0.0
1911,99.11,0.0,0.0,0.0
1912,99.12,0.0,0.0,0.0
1913,99.13,0.0,0.0,0.0
1914,99.14,0.0,0.0,0.0
1915,99.15,0.0,0.0,0.0
1916,99.16,0.0,0.0,0.0
1917,99.17,0.0,0.0,0.0
1918,99.18,0.0,0.0,0.0
1919,99.19,0.0,0.0,0.0
1920,99.2,0.0,0.0,0.0
1921,99.21000000000001,0.0,0.0,0.0
1922,99.22,0.0,0.0,0.0
1923,99.23,0.0,0.0,0.0
1924,99.24000000000001,0.0,0.0,0.0
1925,99.25,0.0,0.0,0.0
1926,99.26,0.0,0.0,0.0
1927,99.27,0.0,0.0,0.0
1928,99.28,0.0,0.0,0.0
1929,99.29,0.0,0.0,0.0
1930,99.3,0.0,0.0,0.0
1931,99.31,0.0,0.0,0.0
1932,99.32000000000001,0.0,0.0,0.0
1933,99.33,0.0,0.0,0.0
1934,99.34,0.0,0.0,0.0
1935,99.35000000000001,0.0,0.0,0.0
1936,99.36,0.0,0.0,0.0
1937,99.37,0.0,0.0,0.0
1938,99.38,0.0,0.0,0.0
1939,99.39,0.0,0.0,0.0
1940,99.4,0.0,0.0,0.0
1941,99.41,0.0,0.0,0.0
1942,99.42,0.0,0.0,0.0
1943,99.43,0.0,0.0,0.0
1944,99.44,0.0,0.0,0.0
1945,99.45,0.0,0.0,0.0
1946,99.46000000000001,0.0,0.0,0.0
1947,99.47,0.0,0.0,0.0
1948,99.48,0.0,0.0,0.0
1949,99.49000000000001,0.0,0.0,0.0
1950,99.5,0.0,0.0,0.0
1951,99.51,0.0,0.0,0.0
1952,99.52,0.0,0.0,0.0
1953,99.53,0.0,0.0,0.0
1954,99.54,0.0,0.0,0.0
1955,99.55,0.0,0.0,0.0
1956,99.56,0.0,0.0,0.0
1957,99.57000000000001,0.0,0.0,0.0
1958,99.58,0.0,0.0,0.0
1959,99.59,0.0,0.0,0.0
1960,99.60000000000001,0.0,0.0,0.0
1961,99.61,0.0,0.0,0.0
1962,99.62,0.0,0.0,0.0
1963,99.63,0.0,0.0,0.0
1964,99.64,0.0,0.0,0.0
1965,99.65,0.0,0.0,0.0
1966,99.66,0.0,0.0,0.0
1967,99.67,0.0,0.0,0.0
1968,99.68,0.0,0.0,0.0
1969,99.69,0.0,0.0,0.0
1970,99.7,0.0,0.0,0.0
1971,99.71000000000001,0.0,0.0,0.0
1972,99.72,0.0,0.0,0.0
1973,99.73,0.0,0.0,0.0
1974,99.74000000000001,0.0,0.0,0.0
1975,99.75,0.0,0.0,0.0
1976,99.76,0.0,0.0,0.0
1977,99.77,0.0,0.0,0.0
1978,99.78,0.0,0.0,0.0
1979,99.79,0.0,0.0,0.0
1980,99.8,0.0,0.0,0.0
1981,99.81,0.0,0.0,0.0
1982,99.82000000000001,0.0,0.0,0.0
1983,99.83,0.0,0.0,0.0
1984,99.84,0.0,0.0,0.0
1985,99.85000000000001,0.0,0.0,0.0
1986,99.86,0.0,0.0,0.0
1987,99.87,0.0,0.0,0.0
1988,99.88,0.0,0.0,0.0
1989,99.89,0.0,0.0,0.0
1990,99.9,0.0,0.0,0.0
1991,99.91,0.0,0.0,0.0
1992,99.92,0.0,0.0,0.0
1993,99.93,0.0,0.0,0.0
1994,99.94,0.0,0.0,0.0
1995,99.95,0.0,0.0,0.0
1996,99.96000000000001,0.0,0.0,0.0
1997,99.97,0.0,0.0,0.0
1998,99.98,0.0,0.0,0.0
1999,99.99000000000001,0.0,0.0,0.0
